,Date,Team,Location,Opponent,Result
0,2024-01-30,BOS,H,IND,W
1,2024-01-30,ATL,H,LAL,W
2,2024-01-30,GSW,H,PHI,W
3,2024-01-30,NYK,H,UTA,W
4,2024-01-30,CHI,H,TOR,L
5,2024-01-29,CLE,H,LAC,W
6,2024-01-29,DAL,H,ORL,W
7,2024-01-29,DEN,H,MIL,W
8,2024-01-29,MEM,H,SAC,L
9,2024-01-29,POR,H,PHI,W
10,2024-01-29,SAS,H,WAS,L
11,2024-01-29,MIA,H,PHX,L
12,2024-01-29,BKN,H,UTA,W
13,2024-01-29,OKC,H,MIN,L
14,2024-01-29,BOS,H,NOP,W
15,2024-01-29,CHA,H,NYK,L
16,2024-01-29,HOU,H,LAL,W
17,2024-01-28,ORL,H,PHX,W
18,2024-01-28,DET,H,OKC,W
19,2024-01-28,POR,H,CHI,L
20,2024-01-28,ATL,H,TOR,W
21,2024-01-28,IND,H,MEM,W
22,2024-01-27,DAL,H,SAC,L
23,2024-01-27,BOS,H,LAC,L
24,2024-01-27,MIL,H,NOP,W
25,2024-01-27,NYK,H,MIA,W
26,2024-01-27,CHA,H,UTA,L
27,2024-01-27,DEN,H,PHI,W
28,2024-01-27,SAS,H,MIN,W
29,2024-01-27,BKN,H,HOU,W
30,2024-01-27,GSW,H,LAL,L
31,2024-01-27,DET,H,WAS,L
32,2024-01-26,NOP,H,OKC,L
33,2024-01-26,MEM,H,ORL,W
34,2024-01-26,CHA,H,HOU,L
35,2024-01-26,TOR,H,LAC,L
36,2024-01-26,MIL,H,CLE,L
37,2024-01-26,ATL,H,DAL,L
38,2024-01-26,IND,H,PHX,W
39,2024-01-26,SAS,H,POR,W
40,2024-01-25,MIA,H,BOS,L
41,2024-01-25,IND,H,PHI,W
42,2024-01-25,GSW,H,SAC,L
43,2024-01-25,BKN,H,MIN,L
44,2024-01-25,NYK,H,DEN,W
45,2024-01-25,WAS,H,UTA,L
46,2024-01-25,LAL,H,CHI,W
47,2024-01-24,SAS,H,OKC,L
48,2024-01-24,GSW,H,ATL,W
49,2024-01-24,MIL,H,CLE,W
50,2024-01-24,DET,H,CHA,W
51,2024-01-24,DAL,H,PHX,L
52,2024-01-24,WAS,H,MIN,L
53,2024-01-24,MIA,H,MEM,L
54,2024-01-24,HOU,H,POR,L
55,2024-01-23,NOP,H,UTA,W
56,2024-01-23,LAC,H,LAL,W
57,2024-01-23,OKC,H,POR,W
58,2024-01-23,IND,H,DEN,L
59,2024-01-23,BKN,H,NYK,L
60,2024-01-22,ORL,H,CLE,L
61,2024-01-22,PHX,H,CHI,W
62,2024-01-22,MIN,H,CHA,L
63,2024-01-22,DAL,H,BOS,L
64,2024-01-22,DET,H,MIL,L
65,2024-01-22,PHI,H,SAS,W
66,2024-01-22,SAC,H,ATL,W
67,2024-01-22,TOR,H,MEM,L
68,2024-01-21,LAL,H,POR,W
69,2024-01-21,LAC,H,BKN,W
70,2024-01-21,PHX,H,IND,W
71,2024-01-21,ORL,H,MIA,W
72,2024-01-21,WAS,H,DEN,L
73,2024-01-21,HOU,H,BOS,L
74,2024-01-20,ATL,H,CLE,L
75,2024-01-20,DET,H,MIL,L
76,2024-01-20,NYK,H,TOR,W
77,2024-01-20,HOU,H,UTA,W
78,2024-01-20,MIN,H,OKC,L
79,2024-01-20,WAS,H,SAS,L
80,2024-01-20,CHI,H,MEM,W
81,2024-01-20,CHA,H,PHI,L
82,2024-01-19,LAL,H,BKN,L
83,2024-01-19,CHA,H,SAS,W
84,2024-01-19,NOP,H,PHX,L
85,2024-01-19,BOS,H,DEN,L
86,2024-01-19,ORL,H,PHI,L
87,2024-01-19,POR,H,IND,W
88,2024-01-19,MIA,H,ATL,L
89,2024-01-18,SAC,H,IND,L
90,2024-01-18,TOR,H,CHI,L
91,2024-01-18,NYK,H,WAS,W
92,2024-01-18,UTA,H,OKC,L
93,2024-01-18,MIN,H,MEM,W
94,2024-01-17,BOS,H,SAS,W
95,2024-01-17,POR,H,BKN,W
96,2024-01-17,TOR,H,MIA,W
97,2024-01-17,DET,H,MIN,L
98,2024-01-17,LAL,H,DAL,W
99,2024-01-17,ATL,H,ORL,W
100,2024-01-17,NYK,H,HOU,W
101,2024-01-17,CLE,H,MIL,W
102,2024-01-17,NOP,H,CHA,W
103,2024-01-16,PHI,H,DEN,W
104,2024-01-16,PHX,H,SAC,W
105,2024-01-16,LAC,H,OKC,W
106,2024-01-15,UTA,H,IND,W
107,2024-01-15,DAL,H,NOP,W
108,2024-01-15,WAS,H,DET,L
109,2024-01-15,PHI,H,HOU,W
110,2024-01-15,MEM,H,GSW,W
111,2024-01-15,BKN,H,MIA,L
112,2024-01-15,NYK,H,ORL,L
113,2024-01-15,ATL,H,SAS,W
114,2024-01-15,TOR,H,BOS,L
115,2024-01-15,CLE,H,CHI,W
116,2024-01-15,LAL,H,OKC,W
117,2024-01-14,MIN,H,LAC,W
118,2024-01-14,MIL,H,SAC,W
119,2024-01-14,DEN,H,IND,W
120,2024-01-14,POR,H,PHX,L
121,2024-01-14,MIA,H,CHA,W
122,2024-01-13,SAS,H,CHI,L
123,2024-01-13,BOS,H,HOU,W
124,2024-01-13,UTA,H,LAL,W
125,2024-01-13,ATL,H,WAS,L
126,2024-01-13,MIL,H,GSW,W
127,2024-01-13,MEM,H,NYK,L
128,2024-01-13,OKC,H,ORL,W
129,2024-01-13,DAL,H,NOP,L
130,2024-01-12,MIN,H,POR,W
131,2024-01-12,MIA,H,ORL,W
132,2024-01-12,DET,H,HOU,L
133,2024-01-12,UTA,H,TOR,W
134,2024-01-12,PHI,H,SAC,W
135,2024-01-12,SAS,H,CHA,W
136,2024-01-12,DEN,H,NOP,W
137,2024-01-12,MEM,H,LAC,L
138,2024-01-12,CHI,H,GSW,L
139,2024-01-12,ATL,H,IND,L
140,2024-01-11,MIL,H,BOS,W
141,2024-01-11,OKC,H,POR,W
142,2024-01-11,DAL,H,NYK,W
143,2024-01-11,LAL,H,PHX,L
144,2024-01-11,CLE,H,BKN,W
145,2024-01-10,ATL,H,PHI,W
146,2024-01-10,DET,H,SAS,L
147,2024-01-10,BOS,H,MIN,W
148,2024-01-10,UTA,H,DEN,W
149,2024-01-10,CHI,H,HOU,W
150,2024-01-10,MIA,H,OKC,L
151,2024-01-10,GSW,H,NOP,L
152,2024-01-10,IND,H,WAS,W
153,2024-01-10,LAC,H,TOR,W
154,2024-01-10,CHA,H,SAC,L
155,2024-01-09,DET,H,SAC,L
156,2024-01-09,NYK,H,POR,W
157,2024-01-09,LAL,H,TOR,W
158,2024-01-09,DAL,H,MEM,L
159,2024-01-09,ORL,H,MIN,L
160,2024-01-08,MIA,H,HOU,W
161,2024-01-08,LAC,H,PHX,W
162,2024-01-08,MIL,H,UTA,L
163,2024-01-08,WAS,H,OKC,L
164,2024-01-08,CHA,H,CHI,L
165,2024-01-08,IND,H,BOS,W
166,2024-01-07,BKN,H,POR,L
167,2024-01-07,GSW,H,TOR,L
168,2024-01-07,CLE,H,SAS,W
169,2024-01-07,ORL,H,ATL,W
170,2024-01-07,SAC,H,NOP,L
171,2024-01-07,DEN,H,DET,W
172,2024-01-07,LAL,H,LAC,W
173,2024-01-07,DAL,H,MIN,W
174,2024-01-07,PHX,H,MEM,L
175,2024-01-06,IND,H,BOS,L
176,2024-01-06,PHI,H,UTA,L
177,2024-01-06,WAS,H,NYK,L
178,2024-01-06,HOU,H,MIL,W
179,2024-01-05,CHI,H,CHA,W
180,2024-01-05,SAC,H,TOR,W
181,2024-01-05,IND,H,ATL,W
182,2024-01-05,DAL,H,POR,W
183,2024-01-05,PHX,H,MIA,W
184,2024-01-05,GSW,H,DET,W
185,2024-01-05,CLE,H,WAS,W
186,2024-01-05,PHI,H,NYK,L
187,2024-01-05,DEN,H,ORL,L
188,2024-01-05,BKN,H,OKC,W
189,2024-01-05,NOP,H,LAC,L
190,2024-01-05,BOS,H,UTA,W
191,2024-01-05,LAL,H,MEM,L
192,2024-01-05,HOU,H,MIN,L
193,2024-01-04,SAS,H,MIL,L
194,2024-01-04,GSW,H,DEN,L
195,2024-01-03,ATL,H,OKC,W
196,2024-01-03,IND,H,MIL,W
197,2024-01-03,PHX,H,LAC,L
198,2024-01-03,MIN,H,NOP,L
199,2024-01-03,UTA,H,DET,W
200,2024-01-03,DAL,H,POR,W
201,2024-01-03,SAC,H,ORL,W
202,2024-01-03,MEM,H,TOR,L
203,2024-01-03,NYK,H,CHI,W
204,2024-01-03,CLE,H,WAS,W
205,2024-01-03,LAL,H,MIA,L
206,2024-01-03,HOU,H,BKN,W
207,2024-01-02,GSW,H,ORL,W
208,2024-01-02,OKC,H,BOS,W
209,2024-01-02,PHI,H,CHI,W
210,2024-01-02,MEM,H,SAS,W
211,2024-01-02,NOP,H,BKN,W
212,2024-01-02,SAC,H,CHA,L
213,2024-01-01,UTA,H,DAL,W
214,2024-01-01,DEN,H,CHA,W
215,2024-01-01,HOU,H,DET,W
216,2024-01-01,PHX,H,POR,W
217,2024-01-01,TOR,H,CLE,W
218,2024-01-01,LAC,H,MIA,W
219,2024-01-01,NYK,H,MIN,W
220,2024-01-01,MIL,H,IND,L
221,2023-12-31,NOP,H,LAL,W
222,2023-12-31,OKC,H,BKN,W
223,2023-12-31,SAS,H,BOS,L
224,2023-12-31,WAS,H,ATL,L
225,2023-12-31,PHX,H,ORL,W
226,2023-12-31,MEM,H,SAC,L
227,2023-12-30,IND,H,NYK,W
228,2023-12-30,DET,H,TOR,W
229,2023-12-30,CHI,H,PHI,W
230,2023-12-30,UTA,H,MIA,W
231,2023-12-30,MIN,H,LAL,W
232,2023-12-30,GSW,H,DAL,L
233,2023-12-29,BOS,H,TOR,W
234,2023-12-29,PHX,H,CHA,W
235,2023-12-29,ORL,H,NYK,W
236,2023-12-29,LAC,H,MEM,W
237,2023-12-29,HOU,H,PHI,L
238,2023-12-29,WAS,H,BKN,W
239,2023-12-29,ATL,H,SAC,L
240,2023-12-29,CLE,H,MIL,L
241,2023-12-29,DEN,H,OKC,L
242,2023-12-29,POR,H,SAS,W
243,2023-12-28,BOS,H,DET,W
244,2023-12-28,LAL,H,CHA,W
245,2023-12-28,POR,H,SAS,L
246,2023-12-28,DEN,H,MEM,W
247,2023-12-28,GSW,H,MIA,L
248,2023-12-28,MIN,H,DAL,W
249,2023-12-28,CHI,H,IND,L
250,2023-12-28,NOP,H,UTA,W
251,2023-12-27,BKN,H,MIL,L
252,2023-12-27,ORL,H,PHI,L
253,2023-12-27,HOU,H,PHX,L
254,2023-12-27,WAS,H,TOR,L
255,2023-12-27,DAL,H,CLE,L
256,2023-12-27,OKC,H,NYK,W
257,2023-12-26,HOU,H,IND,L
258,2023-12-26,CHI,H,ATL,W
259,2023-12-26,LAC,H,CHA,W
260,2023-12-26,SAS,H,UTA,L
261,2023-12-26,NOP,H,MEM,L
262,2023-12-26,WAS,H,ORL,L
263,2023-12-26,OKC,H,MIN,W
264,2023-12-26,DET,H,BKN,L
265,2023-12-26,POR,H,SAC,W
266,2023-12-25,MIA,H,PHI,W
267,2023-12-25,DEN,H,GSW,W
268,2023-12-25,LAL,H,BOS,L
269,2023-12-25,PHX,H,DAL,L
270,2023-12-25,NYK,H,MIL,W
271,2023-12-23,OKC,H,LAL,L
272,2023-12-23,DAL,H,SAS,W
273,2023-12-23,CHI,H,CLE,L
274,2023-12-23,BKN,H,DET,W
275,2023-12-23,GSW,H,POR,W
276,2023-12-23,NYK,H,MIL,L
277,2023-12-23,LAC,H,BOS,L
278,2023-12-23,IND,H,ORL,L
279,2023-12-23,CHA,H,DEN,L
280,2023-12-23,TOR,H,UTA,L
281,2023-12-23,NOP,H,HOU,L
282,2023-12-23,ATL,H,MEM,L
283,2023-12-23,SAC,H,MIN,L
284,2023-12-22,BKN,H,DEN,L
285,2023-12-22,GSW,H,WAS,W
286,2023-12-22,SAC,H,PHX,W
287,2023-12-22,PHI,H,TOR,W
288,2023-12-22,HOU,H,DAL,W
289,2023-12-22,MIA,H,ATL,W
290,2023-12-21,OKC,H,LAC,W
291,2023-12-21,DET,H,UTA,L
292,2023-12-21,POR,H,WAS,L
293,2023-12-21,CLE,H,NOP,L
294,2023-12-21,MIN,H,LAL,W
295,2023-12-21,MIL,H,ORL,W
296,2023-12-21,MEM,H,IND,W
297,2023-12-21,CHI,H,SAS,W
298,2023-12-20,IND,H,CHA,W
299,2023-12-20,ORL,H,MIA,L
300,2023-12-20,BKN,H,NYK,L
301,2023-12-20,TOR,H,DEN,L
302,2023-12-20,PHI,H,MIN,W
303,2023-12-20,DAL,H,LAC,L
304,2023-12-20,HOU,H,ATL,L
305,2023-12-20,CHI,H,LAL,W
306,2023-12-20,CLE,H,UTA,W
307,2023-12-20,SAC,H,BOS,L
308,2023-12-19,POR,H,PHX,W
309,2023-12-19,NOP,H,MEM,L
310,2023-12-19,GSW,H,BOS,W
311,2023-12-19,MIL,H,SAS,W
312,2023-12-18,CLE,H,HOU,W
313,2023-12-18,UTA,H,BKN,W
314,2023-12-18,LAL,H,NYK,L
315,2023-12-18,OKC,H,MEM,W
316,2023-12-18,SAC,H,WAS,W
317,2023-12-18,DEN,H,DAL,W
318,2023-12-18,TOR,H,CHA,W
319,2023-12-18,ATL,H,DET,W
320,2023-12-18,MIA,H,MIN,L
321,2023-12-18,IND,H,LAC,L
322,2023-12-18,PHI,H,CHI,L
323,2023-12-17,PHX,H,WAS,W
324,2023-12-17,SAS,H,NOP,L
325,2023-12-17,BOS,H,ORL,W
326,2023-12-17,POR,H,GSW,L
327,2023-12-17,MIL,H,HOU,W
328,2023-12-16,CLE,H,ATL,W
329,2023-12-16,POR,H,DAL,L
330,2023-12-16,MIN,H,IND,W
331,2023-12-16,MIL,H,DET,W
332,2023-12-16,DEN,H,OKC,L
333,2023-12-16,MIA,H,CHI,W
334,2023-12-16,GSW,H,BKN,W
335,2023-12-16,SAC,H,UTA,W
336,2023-12-16,CHA,H,PHI,L
337,2023-12-16,LAC,H,NYK,W
338,2023-12-15,PHI,H,DET,W
339,2023-12-15,TOR,H,ATL,L
340,2023-12-15,PHX,H,NYK,L
341,2023-12-15,MEM,H,HOU,L
342,2023-12-15,CHA,H,NOP,L
343,2023-12-15,WAS,H,IND,W
344,2023-12-15,SAS,H,LAL,W
345,2023-12-15,BOS,H,ORL,W
346,2023-12-14,LAC,H,GSW,W
347,2023-12-14,MIA,H,CHI,L
348,2023-12-14,BOS,H,CLE,W
349,2023-12-14,SAC,H,OKC,W
350,2023-12-14,DAL,H,MIN,L
351,2023-12-14,DEN,H,BKN,W
352,2023-12-14,POR,H,UTA,L
353,2023-12-13,SAS,H,LAL,L
354,2023-12-13,UTA,H,NYK,W
355,2023-12-13,PHX,H,BKN,L
356,2023-12-13,MIL,H,IND,W
357,2023-12-13,DET,H,PHI,L
358,2023-12-13,WAS,H,NOP,L
359,2023-12-13,MIA,H,CHA,W
360,2023-12-13,HOU,H,MEM,W
361,2023-12-13,TOR,H,ATL,W
362,2023-12-12,CHI,H,DEN,L
363,2023-12-12,LAC,H,SAC,W
364,2023-12-12,PHX,H,GSW,W
365,2023-12-12,DAL,H,LAL,W
366,2023-12-12,BOS,H,CLE,W
367,2023-12-11,OKC,H,UTA,W
368,2023-12-11,SAC,H,BKN,W
369,2023-12-11,NOP,H,MIN,W
370,2023-12-11,HOU,H,SAS,W
371,2023-12-11,PHI,H,WAS,W
372,2023-12-11,MEM,H,DAL,L
373,2023-12-11,DET,H,IND,L
374,2023-12-11,NYK,H,TOR,W
375,2023-12-11,LAC,H,POR,W
376,2023-12-11,ORL,H,CLE,W
377,2023-12-11,CHA,H,MIA,L
378,2023-12-11,MIL,H,CHI,W
379,2023-12-11,ATL,H,DEN,L
380,2023-12-08,MIA,H,CLE,L
381,2023-12-08,ORL,H,DET,W
382,2023-12-08,BKN,H,WAS,W
383,2023-12-08,PHI,H,ATL,W
384,2023-12-08,PHX,H,SAC,L
385,2023-12-08,MEM,H,MIN,L
386,2023-12-08,OKC,H,GSW,W
387,2023-12-08,DEN,H,HOU,L
388,2023-12-08,POR,H,DAL,L
389,2023-12-08,BOS,H,NYK,W
390,2023-12-08,CHA,H,TOR,W
391,2023-12-08,UTA,H,LAC,L
392,2023-12-08,SAS,H,CHI,L
393,2023-12-07,MIL,H,IND,L
394,2023-12-07,LAL,H,NOP,W
395,2023-12-06,MIN,H,SAS,W
396,2023-12-06,DAL,H,UTA,W
397,2023-12-06,GSW,H,POR,W
398,2023-12-06,DET,H,MEM,L
399,2023-12-06,CHI,H,CHA,W
400,2023-12-06,ATL,H,BKN,L
401,2023-12-06,HOU,H,OKC,W
402,2023-12-06,LAC,H,DEN,W
403,2023-12-06,TOR,H,MIA,L
404,2023-12-06,CLE,H,ORL,W
405,2023-12-06,WAS,H,PHI,L
406,2023-12-05,MIL,H,NYK,W
407,2023-12-05,LAL,H,PHX,W
408,2023-12-04,SAC,H,NOP,L
409,2023-12-04,IND,H,BOS,W
410,2023-12-02,MIA,H,IND,L
411,2023-12-02,CHA,H,MIN,L
412,2023-12-02,SAC,H,DEN,W
413,2023-12-02,BKN,H,ORL,W
414,2023-12-02,LAL,H,HOU,W
415,2023-12-02,MIL,H,ATL,W
416,2023-12-02,DAL,H,OKC,L
417,2023-12-02,CHI,H,NOP,W
418,2023-12-02,PHX,H,MEM,W
419,2023-12-02,LAC,H,GSW,W
420,2023-12-02,DET,H,CLE,L
421,2023-12-02,UTA,H,POR,W
422,2023-12-01,BOS,H,PHI,W
423,2023-12-01,ORL,H,WAS,W
424,2023-12-01,DAL,H,MEM,L
425,2023-12-01,PHX,H,DEN,L
426,2023-12-01,NOP,H,SAS,W
427,2023-12-01,TOR,H,NYK,L
428,2023-11-30,NYK,H,DET,W
429,2023-11-30,OKC,H,LAL,W
430,2023-11-30,CLE,H,POR,L
431,2023-11-30,BKN,H,CHA,L
432,2023-11-30,CHI,H,MIL,W
433,2023-11-30,SAS,H,ATL,L
434,2023-11-30,MIN,H,UTA,W
435,2023-11-30,GSW,H,LAC,W
436,2023-11-30,MIA,H,IND,W
437,2023-11-29,DEN,H,HOU,W
438,2023-11-29,ORL,H,WAS,W
439,2023-11-29,TOR,H,PHX,W
440,2023-11-29,DET,H,LAL,L
441,2023-11-29,SAC,H,LAC,L
442,2023-11-29,MEM,H,UTA,W
443,2023-11-29,NOP,H,PHI,W
444,2023-11-28,MIN,H,OKC,W
445,2023-11-28,DAL,H,HOU,W
446,2023-11-28,CLE,H,ATL,W
447,2023-11-28,SAC,H,GSW,W
448,2023-11-28,BOS,H,CHI,W
449,2023-11-28,NYK,H,CHA,W
450,2023-11-28,MIA,H,MIL,L
451,2023-11-28,BKN,H,TOR,W
452,2023-11-27,LAC,H,DEN,L
453,2023-11-27,IND,H,POR,L
454,2023-11-27,UTA,H,NOP,W
455,2023-11-27,PHI,H,LAL,W
456,2023-11-27,DET,H,WAS,L
457,2023-11-26,MEM,H,MIN,L
458,2023-11-26,ORL,H,CHA,W
459,2023-11-26,BKN,H,CHI,W
460,2023-11-26,BOS,H,ATL,W
461,2023-11-26,CLE,H,TOR,W
462,2023-11-26,DEN,H,SAS,W
463,2023-11-26,NYK,H,PHX,L
464,2023-11-26,MIL,H,POR,W
465,2023-11-25,LAC,H,DAL,W
466,2023-11-25,CLE,H,LAL,L
467,2023-11-25,UTA,H,NOP,W
468,2023-11-25,BKN,H,MIA,W
469,2023-11-25,WAS,H,ATL,L
470,2023-11-25,OKC,H,PHI,L
471,2023-11-24,LAC,H,NOP,L
472,2023-11-24,MEM,H,PHX,L
473,2023-11-24,IND,H,DET,W
474,2023-11-24,HOU,H,DEN,W
475,2023-11-24,MIL,H,WAS,W
476,2023-11-24,GSW,H,SAS,W
477,2023-11-24,NYK,H,MIA,W
478,2023-11-24,TOR,H,CHI,W
479,2023-11-24,ORL,H,BOS,W
480,2023-11-24,MIN,H,SAC,L
481,2023-11-22,POR,H,UTA,W
482,2023-11-22,BOS,H,MIL,W
483,2023-11-22,SAS,H,LAC,L
484,2023-11-22,ATL,H,BKN,W
485,2023-11-22,CLE,H,MIA,L
486,2023-11-22,IND,H,TOR,L
487,2023-11-22,NOP,H,SAC,W
488,2023-11-22,ORL,H,DEN,W
489,2023-11-22,PHX,H,GSW,W
490,2023-11-22,MIN,H,PHI,W
491,2023-11-22,OKC,H,CHI,W
492,2023-11-22,HOU,H,MEM,W
493,2023-11-22,LAL,H,DAL,L
494,2023-11-22,CHA,H,WAS,W
495,2023-11-21,ATL,H,IND,L
496,2023-11-21,ORL,H,TOR,W
497,2023-11-21,LAL,H,UTA,W
498,2023-11-21,PHX,H,POR,W
499,2023-11-21,PHI,H,CLE,L
500,2023-11-20,CHI,H,MIA,L
501,2023-11-20,NOP,H,SAC,W
502,2023-11-20,MIN,H,NYK,W
503,2023-11-20,GSW,H,HOU,W
504,2023-11-20,DET,H,DEN,L
505,2023-11-20,WAS,H,MIL,L
506,2023-11-20,SAS,H,LAC,L
507,2023-11-20,CHA,H,BOS,W
508,2023-11-19,IND,H,ORL,L
509,2023-11-19,DAL,H,SAC,L
510,2023-11-19,POR,H,OKC,L
511,2023-11-19,TOR,H,DET,W
512,2023-11-19,CLE,H,DEN,W
513,2023-11-19,MEM,H,BOS,L
514,2023-11-19,BKN,H,PHI,L
515,2023-11-19,UTA,H,PHX,L
516,2023-11-19,LAL,H,HOU,W
517,2023-11-18,CHA,H,NYK,L
518,2023-11-18,NOP,H,MIN,L
519,2023-11-18,CHI,H,MIA,W
520,2023-11-18,MIL,H,DAL,W
521,2023-11-18,SAS,H,MEM,L
522,2023-11-18,GSW,H,OKC,L
523,2023-11-17,CLE,H,DET,W
524,2023-11-17,TOR,H,BOS,L
525,2023-11-17,LAC,H,HOU,W
526,2023-11-17,UTA,H,PHX,L
527,2023-11-17,POR,H,LAL,L
528,2023-11-17,CHI,H,ORL,L
529,2023-11-17,SAS,H,SAC,L
530,2023-11-17,ATL,H,PHI,L
531,2023-11-17,CHA,H,MIL,L
532,2023-11-17,WAS,H,NYK,L
533,2023-11-17,NOP,H,DEN,W
534,2023-11-16,MIA,H,BKN,W
535,2023-11-16,GSW,H,OKC,L
536,2023-11-15,TOR,H,MIL,L
537,2023-11-15,WAS,H,DAL,L
538,2023-11-15,PHX,H,MIN,W
539,2023-11-15,ATL,H,NYK,L
540,2023-11-15,CHI,H,ORL,L
541,2023-11-15,POR,H,CLE,L
542,2023-11-15,PHI,H,BOS,L
543,2023-11-15,LAL,H,SAC,L
544,2023-11-14,DET,H,ATL,L
545,2023-11-14,GSW,H,MIN,L
546,2023-11-14,CHA,H,MIA,L
547,2023-11-14,OKC,H,SAS,W
548,2023-11-14,NOP,H,DAL,W
549,2023-11-14,PHI,H,IND,L
550,2023-11-14,UTA,H,POR,W
551,2023-11-14,LAL,H,MEM,W
552,2023-11-14,DEN,H,LAC,W
553,2023-11-14,BKN,H,ORL,W
554,2023-11-13,MIL,H,CHI,W
555,2023-11-13,SAC,H,CLE,W
556,2023-11-13,BOS,H,NYK,W
557,2023-11-13,TOR,H,WAS,W
558,2023-11-12,NOP,H,DAL,L
559,2023-11-12,NYK,H,CHA,W
560,2023-11-12,LAC,H,MEM,L
561,2023-11-12,HOU,H,DEN,W
562,2023-11-12,SAS,H,MIA,L
563,2023-11-12,CHI,H,DET,W
564,2023-11-12,PHI,H,IND,W
565,2023-11-12,PHX,H,OKC,L
566,2023-11-12,GSW,H,MIN,L
567,2023-11-12,BKN,H,WAS,W
568,2023-11-12,LAL,H,POR,W
569,2023-11-11,ORL,H,MIL,W
570,2023-11-11,BOS,H,TOR,W
571,2023-11-11,ATL,H,MIA,L
572,2023-11-11,GSW,H,CLE,L
573,2023-11-10,DAL,H,LAC,W
574,2023-11-10,BOS,H,BKN,W
575,2023-11-10,WAS,H,CHA,L
576,2023-11-10,MEM,H,UTA,L
577,2023-11-10,SAS,H,MIN,L
578,2023-11-10,DET,H,PHI,L
579,2023-11-10,SAC,H,OKC,W
580,2023-11-10,PHX,H,LAL,L
581,2023-11-10,HOU,H,NOP,W
582,2023-11-09,IND,H,MIL,W
583,2023-11-09,ORL,H,ATL,L
584,2023-11-08,MIL,H,DET,W
585,2023-11-08,BKN,H,LAC,W
586,2023-11-08,MEM,H,MIA,L
587,2023-11-08,DEN,H,GSW,W
588,2023-11-08,CHI,H,PHX,L
589,2023-11-08,SAC,H,POR,W
590,2023-11-08,DAL,H,TOR,L
591,2023-11-08,PHI,H,BOS,W
592,2023-11-08,MIN,H,NOP,W
593,2023-11-08,CHA,H,WAS,L
594,2023-11-08,HOU,H,LAL,W
595,2023-11-08,OKC,H,CLE,W
596,2023-11-08,IND,H,UTA,W
597,2023-11-08,NYK,H,SAS,W
598,2023-11-06,PHI,H,WAS,W
599,2023-11-06,HOU,H,SAC,W
600,2023-11-06,CHI,H,UTA,W
601,2023-11-06,DET,H,GSW,L
602,2023-11-06,OKC,H,ATL,W
603,2023-11-06,BKN,H,MIL,L
604,2023-11-06,MIN,H,BOS,W
605,2023-11-06,IND,H,SAS,W
606,2023-11-06,NYK,H,LAC,W
607,2023-11-06,DEN,H,NOP,W
608,2023-11-06,MIA,H,LAL,W
609,2023-11-06,ORL,H,DAL,L
610,2023-11-05,DAL,H,CHA,W
611,2023-11-05,POR,H,MEM,L
612,2023-11-05,DET,H,PHX,L
613,2023-11-05,CLE,H,GSW,W
614,2023-11-05,SAS,H,TOR,L
615,2023-11-04,ORL,H,LAL,W
616,2023-11-04,DEN,H,CHI,W
617,2023-11-04,MIN,H,UTA,W
618,2023-11-04,NOP,H,ATL,L
619,2023-11-04,PHI,H,PHX,W
620,2023-11-04,IND,H,CHA,L
621,2023-11-04,HOU,H,SAC,W
622,2023-11-04,BKN,H,BOS,L
623,2023-11-03,MIA,H,WAS,W
624,2023-11-03,OKC,H,GSW,L
625,2023-11-03,POR,H,MEM,W
626,2023-11-03,CHI,H,BKN,L
627,2023-11-03,DEN,H,DAL,W
628,2023-11-03,IND,H,CLE,W
629,2023-11-03,MIL,H,NYK,W
630,2023-11-02,UTA,H,ORL,L
631,2023-11-02,PHX,H,SAS,L
632,2023-11-02,NOP,H,DET,W
633,2023-11-02,PHI,H,TOR,W
634,2023-11-01,ATL,H,WAS,W
635,2023-11-01,UTA,H,MEM,W
636,2023-11-01,OKC,H,NOP,L
637,2023-11-01,MIN,H,DEN,W
638,2023-11-01,HOU,H,CHA,W
639,2023-11-01,GSW,H,SAC,W
640,2023-11-01,MIA,H,BKN,L
641,2023-11-01,LAL,H,LAC,W
642,2023-11-01,BOS,H,IND,W
643,2023-11-01,TOR,H,MIL,W
644,2023-11-01,DET,H,POR,L
645,2023-11-01,DAL,H,CHI,W
646,2023-11-01,NYK,H,CLE,L
647,2023-10-31,CLE,H,NYK,L
648,2023-10-31,LAC,H,ORL,W
649,2023-10-31,PHX,H,SAS,L
650,2023-10-30,ATL,H,MIN,W
651,2023-10-30,DEN,H,UTA,W
652,2023-10-30,MIL,H,MIA,W
653,2023-10-30,OKC,H,DET,W
654,2023-10-30,NOP,H,GSW,L
655,2023-10-30,MEM,H,DAL,L
656,2023-10-30,LAL,H,ORL,W
657,2023-10-30,CHA,H,BKN,L
658,2023-10-30,IND,H,CHI,L
659,2023-10-30,WAS,H,BOS,L
660,2023-10-30,TOR,H,POR,L
661,2023-10-29,OKC,H,DEN,L
662,2023-10-29,PHI,H,POR,W
663,2023-10-29,LAC,H,SAS,W
664,2023-10-29,MIL,H,ATL,L
665,2023-10-29,SAC,H,LAL,W
666,2023-10-29,HOU,H,GSW,L
667,2023-10-28,WAS,H,MEM,W
668,2023-10-28,TOR,H,PHI,L
669,2023-10-28,CLE,H,IND,L
670,2023-10-28,PHX,H,UTA,W
671,2023-10-28,MIN,H,MIA,W
672,2023-10-28,NOP,H,NYK,W
673,2023-10-28,DET,H,CHI,W
674,2023-10-27,BOS,H,MIA,W
675,2023-10-27,DAL,H,BKN,W
676,2023-10-27,ATL,H,NYK,L
677,2023-10-27,CHI,H,TOR,W
678,2023-10-27,MEM,H,DEN,L
679,2023-10-27,UTA,H,LAC,W
680,2023-10-27,POR,H,ORL,L
681,2023-10-27,SAC,H,GSW,L
682,2023-10-27,SAS,H,HOU,W
683,2023-10-27,CLE,H,OKC,L
684,2023-10-27,CHA,H,DET,L
685,2023-10-26,LAL,H,PHX,W
686,2023-10-26,MIL,H,PHI,W
687,2023-10-25,BKN,H,CLE,L
688,2023-10-25,ORL,H,HOU,W
689,2023-10-25,MEM,H,NOP,L
690,2023-10-25,NYK,H,BOS,L
691,2023-10-25,IND,H,WAS,W
692,2023-10-25,MIA,H,DET,W
693,2023-10-25,TOR,H,MIN,W
694,2023-10-25,SAS,H,DAL,L
695,2023-10-25,CHI,H,OKC,L
696,2023-10-25,CHA,H,ATL,W
697,2023-10-25,LAC,H,POR,W
698,2023-10-25,UTA,H,SAC,L
699,2023-10-24,DEN,H,LAL,W
700,2023-10-24,GSW,H,PHX,L
